r,s,projected_gradient_norm,collision_value,sign_u,sign_v,sign_w,amp_r,amp_s
0,5,0.6666666666666669,-0.3333333333333333,-1.0,-1.0,1.0,1.0,1.0
2,11,0.6666666666666669,-0.3333333333333333,-1.0,-1.0,1.0,1.0,1.0
5,7,0.6666666666666669,-0.3333333333333333,-1.0,-1.0,1.0,1.0,1.0
10,13,0.6666666666666669,-0.3333333333333333,-1.0,1.0,-1.0,1.0,1.0
0,2,0.6666666666666667,-0.3333333333333333,-1.0,1.0,-1.0,1.0,1.0
1,15,0.6666666666666667,-0.3333333333333333,-1.0,-1.0,1.0,1.0,1.0
3,4,0.6666666666666667,-0.3333333333333333,-1.0,-1.0,1.0,1.0,1.0
4,13,0.6666666666666667,-0.3333333333333333,1.0,-1.0,-1.0,1.0,1.0
5,14,0.6666666666666667,-0.3333333333333333,-1.0,-1.0,1.0,1.0,1.0
7,10,0.6666666666666667,-0.3333333333333333,-1.0,1.0,-1.0,1.0,1.0
8,10,0.6666666666666667,-0.3333333333333333,-1.0,-1.0,1.0,1.0,1.0
8,11,0.6666666666666667,-0.3333333333333333,-1.0,1.0,-1.0,1.0,1.0
8,15,0.6666666666666667,-0.3333333333333333,1.0,-1.0,-1.0,1.0,1.0
9,10,0.6666666666666667,-0.3333333333333333,-1.0,1.0,-1.0,1.0,1.0
11,12,0.6666666666666667,-0.3333333333333333,-1.0,-1.0,1.0,1.0,1.0
12,13,0.6666666666666667,-0.3333333333333333,-1.0,-1.0,1.0,1.0,1.0
15,16,0.6666666666666667,-0.3333333333333333,1.0,-1.0,-1.0,1.0,1.0
16,18,0.6666666666666667,-0.3333333333333333,-1.0,-1.0,1.0,1.0,1.0
0,1,0.6666666666666666,-0.3333333333333333,-1.0,1.0,-1.0,1.0,1.0
1,2,0.6666666666666666,-0.3333333333333333,1.0,-1.0,-1.0,1.0,1.0
2,3,0.6666666666666666,-0.3333333333333333,-1.0,1.0,-1.0,1.0,1.0
2,4,0.6666666666666666,-0.3333333333333333,-1.0,-1.0,1.0,1.0,1.0
4,18,0.6666666666666666,-0.3333333333333333,-1.0,-1.0,1.0,1.0,1.0
5,6,0.6666666666666666,-0.3333333333333333,-1.0,1.0,-1.0,1.0,1.0
5,8,0.6666666666666666,-0.3333333333333333,1.0,-1.0,-1.0,1.0,1.0
6,7,0.6666666666666666,-0.3333333333333333,-1.0,1.0,-1.0,1.0,1.0
7,13,0.6666666666666666,-0.3333333333333333,-1.0,1.0,-1.0,1.0,1.0
9,12,0.6666666666666666,-0.3333333333333333,1.0,-1.0,-1.0,1.0,1.0
11,16,0.6666666666666666,-0.3333333333333333,-1.0,-1.0,1.0,1.0,1.0
13,18,0.6666666666666666,-0.3333333333333333,-1.0,-1.0,1.0,1.0,1.0
14,15,0.6666666666666666,-0.3333333333333333,-1.0,1.0,-1.0,1.0,1.0
14,16,0.6666666666666666,-0.3333333333333333,-1.0,1.0,-1.0,1.0,1.0
0,14,0.6666666666666665,-0.3333333333333333,-1.0,-1.0,1.0,1.0,1.0
1,8,0.6666666666666665,-0.3333333333333333,1.0,-1.0,-1.0,1.0,1.0
2,16,0.6666666666666665,-0.3333333333333333,-1.0,-1.0,1.0,1.0,1.0
3,12,0.6666666666666665,-0.3333333333333333,-1.0,-1.0,1.0,1.0,1.0
3,17,0.6666666666666665,-0.3333333333333333,-1.0,-1.0,1.0,1.0,1.0
5,11,0.6666666666666665,-0.3333333333333333,-1.0,1.0,-1.0,1.0,1.0
6,9,0.6666666666666665,-0.3333333333333333,-1.0,1.0,-1.0,1.0,1.0
6,12,0.6666666666666665,-0.3333333333333333,-1.0,1.0,-1.0,1.0,1.0
8,9,0.6666666666666665,-0.3333333333333333,-1.0,1.0,-1.0,1.0,1.0
11,13,0.6666666666666665,-0.3333333333333333,-1.0,-1.0,1.0,1.0,1.0
12,17,0.6666666666666665,-0.3333333333333333,1.0,-1.0,-1.0,1.0,1.0
16,17,0.6666666666666665,-0.3333333333333333,-1.0,-1.0,1.0,1.0,1.0
17,18,0.6666666666666665,-0.3333333333333333,-1.0,-1.0,1.0,1.0,1.0
0,20,0.6341718324267314,-0.3333333333333333,-1.0,-1.0,1.0,1.0,2.0
4,21,0.6341718324267314,-0.3333333333333333,-1.0,1.0,-1.0,1.0,2.0
7,23,0.6341718324267314,-0.3333333333333333,1.0,-1.0,-1.0,1.0,2.0
9,22,0.6341718324267313,-0.3333333333333333,-1.0,-1.0,1.0,1.0,2.0
15,25,0.6341718324267313,-0.3333333333333333,-1.0,-1.0,1.0,1.0,2.0
17,24,0.6341718324267311,-0.3333333333333333,-1.0,1.0,-1.0,1.0,2.0
18,25,0.5546975779047738,-0.2357022603955158,1.0,-1.0,-1.0,1.0,2.0
18,23,0.5546975779047737,-0.2357022603955158,-1.0,1.0,-1.0,1.0,2.0
1,21,0.5546975779047736,-0.2357022603955158,-1.0,1.0,-1.0,1.0,2.0
1,22,0.5546975779047736,-0.2357022603955158,-1.0,-1.0,1.0,1.0,2.0
3,20,0.5546975779047736,-0.2357022603955158,-1.0,1.0,-1.0,1.0,2.0
3,22,0.5546975779047736,-0.2357022603955158,-1.0,1.0,-1.0,1.0,2.0
10,21,0.5546975779047736,-0.2357022603955158,-1.0,-1.0,1.0,1.0,2.0
10,25,0.5546975779047736,-0.2357022603955158,1.0,-1.0,-1.0,1.0,2.0
6,20,0.5546975779047735,-0.2357022603955158,-1.0,-1.0,1.0,1.0,2.0
6,24,0.5546975779047735,-0.2357022603955158,-1.0,-1.0,1.0,1.0,2.0
14,23,0.5546975779047735,-0.2357022603955158,-1.0,1.0,-1.0,1.0,2.0
14,24,0.5546975779047735,-0.2357022603955158,-1.0,1.0,-1.0,1.0,2.0
9,13,0.47140452079103207,0.0,-1.0,-1.0,1.0,1.0,1.0
7,9,0.4714045207910319,0.0,1.0,1.0,1.0,1.0,1.0
0,15,0.47140452079103184,0.0,-1.0,-1.0,1.0,1.0,1.0
0,16,0.47140452079103184,0.0,1.0,-1.0,-1.0,1.0,1.0
1,16,0.47140452079103184,0.0,1.0,-1.0,-1.0,1.0,1.0
5,10,0.47140452079103184,0.0,-1.0,1.0,-1.0,1.0,1.0
6,11,0.47140452079103184,0.0,1.0,-1.0,-1.0,1.0,1.0
0,11,0.4714045207910318,0.0,-1.0,1.0,-1.0,1.0,1.0
8,16,0.4714045207910318,0.0,-1.0,1.0,-1.0,1.0,1.0
1,11,0.47140452079103173,0.0,-1.0,1.0,-1.0,1.0,1.0
2,12,0.47140452079103173,0.0,-1.0,1.0,-1.0,1.0,1.0
2,13,0.47140452079103173,0.0,-1.0,1.0,-1.0,1.0,1.0
3,11,0.47140452079103173,0.0,-1.0,-1.0,1.0,1.0,1.0
4,11,0.47140452079103173,0.0,-1.0,-1.0,1.0,1.0,1.0
7,8,0.47140452079103173,0.0,-1.0,-1.0,1.0,1.0,1.0
8,12,0.47140452079103173,0.0,-1.0,-1.0,1.0,1.0,1.0
8,13,0.47140452079103173,0.0,1.0,-1.0,-1.0,1.0,1.0
9,11,0.47140452079103173,0.0,-1.0,1.0,-1.0,1.0,1.0
10,11,0.47140452079103173,0.0,1.0,1.0,1.0,1.0,1.0
10,12,0.47140452079103173,0.0,-1.0,-1.0,1.0,1.0,1.0
11,14,0.47140452079103173,0.0,1.0,1.0,1.0,1.0,1.0
12,16,0.47140452079103173,0.0,1.0,1.0,1.0,1.0,1.0
0,8,0.4714045207910317,0.0,1.0,-1.0,-1.0,1.0,1.0
1,14,0.4714045207910317,0.0,1.0,1.0,1.0,1.0,1.0
2,5,0.4714045207910317,0.0,1.0,-1.0,-1.0,1.0,1.0
2,8,0.4714045207910317,0.0,1.0,1.0,1.0,1.0,1.0
2,14,0.4714045207910317,0.0,-1.0,-1.0,1.0,1.0,1.0
2,15,0.4714045207910317,0.0,-1.0,1.0,-1.0,1.0,1.0
2,17,0.4714045207910317,0.0,1.0,1.0,1.0,1.0,1.0
2,18,0.4714045207910317,0.0,-1.0,-1.0,1.0,1.0,1.0
3,13,0.4714045207910317,0.0,-1.0,-1.0,1.0,1.0,1.0
3,16,0.4714045207910317,0.0,-1.0,1.0,-1.0,1.0,1.0
3,18,0.4714045207910317,0.0,-1.0,-1.0,1.0,1.0,1.0
4,12,0.4714045207910317,0.0,1.0,-1.0,-1.0,1.0,1.0
5,12,0.4714045207910317,0.0,-1.0,1.0,-1.0,1.0,1.0
5,13,0.4714045207910317,0.0,1.0,-1.0,-1.0,1.0,1.0
6,8,0.4714045207910317,0.0,1.0,-1.0,-1.0,1.0,1.0
8,14,0.4714045207910317,0.0,1.0,-1.0,-1.0,1.0,1.0
11,15,0.4714045207910317,0.0,-1.0,-1.0,1.0,1.0,1.0
4,16,0.4714045207910316,0.0,-1.0,-1.0,1.0,1.0,1.0
4,17,0.4714045207910316,0.0,-1.0,1.0,-1.0,1.0,1.0
5,9,0.4714045207910316,0.0,1.0,1.0,1.0,1.0,1.0
5,16,0.4714045207910316,0.0,1.0,1.0,1.0,1.0,1.0
6,10,0.4714045207910316,0.0,1.0,-1.0,-1.0,1.0,1.0
7,11,0.4714045207910316,0.0,-1.0,1.0,-1.0,1.0,1.0
11,17,0.4714045207910316,0.0,1.0,-1.0,-1.0,1.0,1.0
11,18,0.4714045207910316,0.0,-1.0,-1.0,1.0,1.0,1.0
13,16,0.4714045207910316,0.0,-1.0,1.0,-1.0,1.0,1.0
13,17,0.4714045207910316,0.0,1.0,-1.0,-1.0,1.0,1.0
1,5,0.47140452079103157,0.0,-1.0,-1.0,1.0,1.0,1.0
6,13,0.47140452079103157,0.0,-1.0,-1.0,1.0,1.0,1.0
7,12,0.47140452079103157,0.0,-1.0,-1.0,1.0,1.0,1.0
5,15,0.4714045207910315,0.0,-1.0,-1.0,1.0,1.0,1.0
12,18,0.4714045207910315,0.0,-1.0,1.0,-1.0,1.0,1.0
7,18,0.46754575585329117,0.0,-1.0,-1.0,1.0,1.0,1.0
15,18,0.46754575585329117,0.0,-1.0,-1.0,1.0,1.0,1.0
0,3,0.4675457558532911,0.0,1.0,1.0,1.0,1.0,1.0
7,14,0.46754575585329106,0.0,-1.0,1.0,-1.0,1.0,1.0
1,4,0.467545755853291,0.0,1.0,1.0,1.0,1.0,1.0
1,9,0.467545755853291,0.0,1.0,1.0,1.0,1.0,1.0
10,15,0.467545755853291,0.0,-1.0,-1.0,1.0,1.0,1.0
14,17,0.46754575585329095,0.0,1.0,-1.0,-1.0,1.0,1.0
0,6,0.4675457558532909,0.0,1.0,-1.0,-1.0,1.0,1.0
3,9,0.46754575585329083,0.0,-1.0,-1.0,1.0,1.0,1.0
4,10,0.46754575585329083,0.0,1.0,-1.0,-1.0,1.0,1.0
6,17,0.46754575585329083,0.0,-1.0,-1.0,1.0,1.0,1.0
4,22,0.4647863984094,-0.2357022603955158,-1.0,-1.0,1.0,1.0,2.0
15,23,0.4647863984094,-0.2357022603955158,-1.0,1.0,-1.0,1.0,2.0
17,23,0.4647863984094,-0.2357022603955158,-1.0,-1.0,1.0,1.0,2.0
9,21,0.46478639840939995,-0.2357022603955158,-1.0,-1.0,1.0,1.0,2.0
4,25,0.4647863984093999,-0.2357022603955158,1.0,-1.0,-1.0,1.0,2.0
7,24,0.46478639840939984,-0.2357022603955158,-1.0,-1.0,1.0,1.0,2.0
7,25,0.46478639840939984,-0.2357022603955158,1.0,1.0,1.0,1.0,2.0
9,20,0.46478639840939984,-0.2357022603955158,1.0,1.0,1.0,1.0,2.0
0,22,0.4647863984093997,-0.2357022603955158,-1.0,1.0,-1.0,1.0,2.0
15,21,0.4647863984093997,-0.2357022603955158,1.0,1.0,1.0,1.0,2.0
0,24,0.46478639840939967,-0.2357022603955158,1.0,-1.0,-1.0,1.0,2.0
17,20,0.4647863984093996,-0.2357022603955158,1.0,-1.0,-1.0,1.0,2.0
1,25,0.4430933555200979,0.0,-1.0,1.0,-1.0,1.0,2.0
3,21,0.4430933555200979,0.0,1.0,-1.0,-1.0,1.0,2.0
10,22,0.4430933555200979,0.0,-1.0,1.0,-1.0,1.0,2.0
18,21,0.4430933555200979,0.0,-1.0,-1.0,1.0,1.0,2.0
1,20,0.4430933555200978,0.0,1.0,-1.0,-1.0,1.0,2.0
6,22,0.4430933555200978,0.0,-1.0,-1.0,1.0,1.0,2.0
6,23,0.4430933555200978,0.0,1.0,1.0,1.0,1.0,2.0
18,24,0.4430933555200978,0.0,1.0,-1.0,-1.0,1.0,2.0
3,24,0.44309335552009776,0.0,-1.0,-1.0,1.0,1.0,2.0
10,23,0.44309335552009776,0.0,-1.0,-1.0,1.0,1.0,2.0
14,20,0.4430933555200977,0.0,-1.0,-1.0,1.0,1.0,2.0
14,25,0.4430933555200977,0.0,1.0,-1.0,-1.0,1.0,2.0
17,19,0.4285599646586979,-0.2357022603955158,-1.0,1.0,-1.0,1.0,2.8284271247461903
7,19,0.42855996465869783,-0.2357022603955158,1.0,-1.0,-1.0,1.0,2.8284271247461903
9,19,0.4285599646586977,-0.2357022603955158,-1.0,-1.0,1.0,1.0,2.8284271247461903
15,19,0.4285599646586977,-0.2357022603955158,-1.0,-1.0,1.0,1.0,2.8284271247461903
4,19,0.42855996465869767,-0.2357022603955158,-1.0,1.0,-1.0,1.0,2.8284271247461903
0,19,0.42855996465869745,-0.2357022603955158,-1.0,-1.0,1.0,1.0,2.8284271247461903
2,22,0.42278122161782095,0.0,1.0,-1.0,-1.0,1.0,2.0
5,24,0.42278122161782095,0.0,-1.0,1.0,-1.0,1.0,2.0
13,25,0.42278122161782095,0.0,-1.0,1.0,-1.0,1.0,2.0
16,23,0.42278122161782095,0.0,-1.0,-1.0,1.0,1.0,2.0
12,20,0.4227812216178209,0.0,-1.0,-1.0,1.0,1.0,2.0
8,21,0.42278122161782083,0.0,-1.0,-1.0,1.0,1.0,2.0
0,4,0.402288141500928,0.0,-1.0,-1.0,1.0,1.0,1.0
1,3,0.402288141500928,0.0,-1.0,1.0,-1.0,1.0,1.0
3,6,0.402288141500928,0.0,-1.0,-1.0,1.0,1.0,1.0
4,7,0.402288141500928,0.0,1.0,-1.0,-1.0,1.0,1.0
9,15,0.402288141500928,0.0,-1.0,1.0,-1.0,1.0,1.0
10,18,0.40228814150092795,0.0,1.0,-1.0,-1.0,1.0,1.0
14,18,0.40228814150092795,0.0,-1.0,1.0,-1.0,1.0,1.0
15,17,0.40228814150092795,0.0,1.0,-1.0,-1.0,1.0,1.0
0,7,0.4022881415009279,0.0,-1.0,-1.0,1.0,1.0,1.0
6,14,0.4022881415009279,0.0,-1.0,-1.0,1.0,1.0,1.0
1,10,0.40228814150092784,0.0,1.0,-1.0,-1.0,1.0,1.0
9,17,0.4022881415009278,0.0,-1.0,-1.0,1.0,1.0,1.0
3,19,0.38572661584678913,0.0,1.0,-1.0,-1.0,1.0,2.8284271247461903
18,19,0.3857266158467891,0.0,-1.0,-1.0,1.0,1.0,2.8284271247461903
1,19,0.38572661584678897,0.0,-1.0,-1.0,1.0,1.0,2.8284271247461903
6,19,0.38572661584678897,0.0,1.0,1.0,1.0,1.0,2.8284271247461903
10,19,0.3857266158467889,0.0,-1.0,1.0,-1.0,1.0,2.8284271247461903
14,19,0.38572661584678886,0.0,-1.0,-1.0,1.0,1.0,2.8284271247461903
5,20,0.36778485624491375,0.0,1.0,-1.0,-1.0,1.0,2.0
16,25,0.36778485624491375,0.0,-1.0,1.0,-1.0,1.0,2.0
5,23,0.3677848562449137,0.0,-1.0,1.0,-1.0,1.0,2.0
12,22,0.3677848562449137,0.0,-1.0,-1.0,1.0,1.0,2.0
2,21,0.36778485624491364,0.0,-1.0,1.0,-1.0,1.0,2.0
8,22,0.36778485624491364,0.0,-1.0,-1.0,1.0,1.0,2.0
8,25,0.36778485624491364,0.0,-1.0,-1.0,1.0,1.0,2.0
13,21,0.36778485624491364,0.0,-1.0,-1.0,1.0,1.0,2.0
2,20,0.3677848562449136,0.0,-1.0,-1.0,1.0,1.0,2.0
12,24,0.3677848562449136,0.0,-1.0,1.0,-1.0,1.0,2.0
13,23,0.3677848562449136,0.0,1.0,-1.0,-1.0,1.0,2.0
16,24,0.3677848562449136,0.0,1.0,1.0,1.0,1.0,2.0
7,15,0.35779788103271065,0.0,-1.0,1.0,-1.0,1.0,1.0
7,17,0.35779788103271065,0.0,-1.0,-1.0,1.0,1.0,1.0
4,9,0.3577978810327106,0.0,-1.0,-1.0,1.0,1.0,1.0
0,17,0.35779788103271043,0.0,1.0,1.0,1.0,1.0,1.0
4,15,0.35779788103271043,0.0,-1.0,-1.0,1.0,1.0,1.0
0,9,0.3577978810327104,0.0,-1.0,1.0,-1.0,1.0,1.0
17,25,0.35059296470447826,0.0,-1.0,-1.0,1.0,1.0,2.0
4,20,0.3505929647044782,0.0,1.0,1.0,1.0,1.0,2.0
4,23,0.35059296470447815,0.0,1.0,-1.0,-1.0,1.0,2.0
7,21,0.35059296470447815,0.0,1.0,1.0,1.0,1.0,2.0
9,25,0.35059296470447815,0.0,-1.0,-1.0,1.0,1.0,2.0
0,23,0.3505929647044781,0.0,1.0,-1.0,-1.0,1.0,2.0
7,20,0.3505929647044781,0.0,-1.0,-1.0,1.0,1.0,2.0
9,24,0.3505929647044781,0.0,-1.0,1.0,-1.0,1.0,2.0
15,24,0.3505929647044781,0.0,-1.0,-1.0,1.0,1.0,2.0
17,22,0.3505929647044781,0.0,-1.0,1.0,-1.0,1.0,2.0
15,22,0.350592964704478,0.0,1.0,-1.0,-1.0,1.0,2.0
0,21,0.3505929647044779,0.0,-1.0,-1.0,1.0,1.0,2.0
7,22,0.3185110286353032,0.0,-1.0,1.0,-1.0,1.0,2.0
9,23,0.3185110286353031,0.0,-1.0,1.0,-1.0,1.0,2.0
17,21,0.31851102863530306,0.0,-1.0,-1.0,1.0,1.0,2.0
15,20,0.318511028635303,0.0,1.0,1.0,1.0,1.0,2.0
4,24,0.31851102863530295,0.0,-1.0,-1.0,1.0,1.0,2.0
0,25,0.3185110286353029,0.0,1.0,1.0,1.0,1.0,2.0
21,22,0.30277675197414217,-0.6380711874576983,-1.0,-1.0,1.0,2.0,2.0
21,25,0.30277675197414217,-0.6380711874576983,1.0,-1.0,-1.0,2.0,2.0
23,25,0.30277675197414217,-0.6380711874576983,-1.0,1.0,-1.0,2.0,2.0
23,24,0.30277675197414194,-0.6380711874576983,-1.0,-1.0,1.0,2.0,2.0
20,22,0.3027767519741419,-0.6380711874576983,-1.0,1.0,-1.0,2.0,2.0
20,24,0.3027767519741416,-0.6380711874576983,1.0,-1.0,-1.0,2.0,2.0
16,19,0.2844606728462395,0.0,1.0,-1.0,-1.0,1.0,2.8284271247461903
5,19,0.28446067284623944,0.0,-1.0,-1.0,1.0,1.0,2.8284271247461903
12,19,0.28446067284623944,0.0,-1.0,-1.0,1.0,1.0,2.8284271247461903
13,19,0.28446067284623944,0.0,1.0,-1.0,-1.0,1.0,2.8284271247461903
8,19,0.2844606728462394,0.0,1.0,-1.0,-1.0,1.0,2.8284271247461903
2,19,0.2844606728462393,0.0,-1.0,-1.0,1.0,1.0,2.8284271247461903
20,25,0.2778362511554969,0.0,1.0,-1.0,-1.0,2.0,2.0
21,24,0.2778362511554969,0.0,-1.0,-1.0,1.0,2.0,2.0
22,23,0.27783625115549687,0.0,-1.0,1.0,-1.0,2.0,2.0
19,25,0.21662696559262018,-0.569035593728849,-1.0,1.0,-1.0,2.8284271247461903,2.0
19,21,0.2166269655926201,-0.569035593728849,1.0,-1.0,-1.0,2.8284271247461903,2.0
19,22,0.2166269655926201,-0.569035593728849,-1.0,-1.0,1.0,2.8284271247461903,2.0
19,20,0.21662696559261999,-0.569035593728849,-1.0,1.0,-1.0,2.8284271247461903,2.0
19,23,0.21662696559261999,-0.569035593728849,-1.0,-1.0,1.0,2.8284271247461903,2.0
19,24,0.21662696559261999,-0.569035593728849,1.0,-1.0,-1.0,2.8284271247461903,2.0
5,25,0.20114407075046406,0.0,1.0,-1.0,-1.0,1.0,2.0
5,22,0.20114407075046403,0.0,1.0,1.0,1.0,1.0,2.0
16,21,0.201144070750464,0.0,-1.0,1.0,-1.0,1.0,2.0
12,23,0.20114407075046398,0.0,1.0,-1.0,-1.0,1.0,2.0
13,22,0.20114407075046392,0.0,-1.0,-1.0,1.0,1.0,2.0
8,20,0.2011440707504639,0.0,1.0,1.0,1.0,1.0,2.0
13,24,0.2011440707504639,0.0,1.0,1.0,1.0,1.0,2.0
2,25,0.20114407075046387,0.0,1.0,-1.0,-1.0,1.0,2.0
8,23,0.20114407075046387,0.0,-1.0,-1.0,1.0,1.0,2.0
12,21,0.20114407075046387,0.0,1.0,-1.0,-1.0,1.0,2.0
2,24,0.20114407075046384,0.0,-1.0,-1.0,1.0,1.0,2.0
16,20,0.2011440707504638,0.0,-1.0,-1.0,1.0,1.0,2.0
1,23,0.18724848762735152,0.0,1.0,1.0,1.0,1.0,2.0
1,24,0.18724848762735152,0.0,1.0,1.0,1.0,1.0,2.0
6,21,0.18724848762735152,0.0,1.0,-1.0,-1.0,1.0,2.0
3,25,0.1872484876273515,0.0,1.0,-1.0,-1.0,1.0,2.0
14,22,0.1872484876273515,0.0,1.0,1.0,1.0,1.0,2.0
3,23,0.18724848762735147,0.0,1.0,1.0,1.0,1.0,2.0
6,25,0.18724848762735147,0.0,1.0,-1.0,-1.0,1.0,2.0
14,21,0.18724848762735147,0.0,-1.0,-1.0,1.0,1.0,2.0
18,20,0.18724848762735147,0.0,-1.0,1.0,-1.0,1.0,2.0
18,22,0.18724848762735144,0.0,-1.0,-1.0,1.0,1.0,2.0
10,20,0.1872484876273514,0.0,1.0,1.0,1.0,1.0,2.0
10,24,0.1872484876273514,0.0,1.0,-1.0,-1.0,1.0,2.0
20,23,0.17237334648179994,0.16666666666666663,-1.0,1.0,-1.0,2.0,2.0
21,23,0.17237334648179992,0.16666666666666663,-1.0,-1.0,1.0,2.0,2.0
24,25,0.17237334648179992,0.16666666666666663,1.0,-1.0,-1.0,2.0,2.0
22,25,0.17237334648179986,0.16666666666666663,-1.0,1.0,-1.0,2.0,2.0
22,24,0.17237334648179978,0.16666666666666663,-1.0,-1.0,1.0,2.0,2.0
20,21,0.17237334648179975,0.16666666666666663,1.0,-1.0,-1.0,2.0,2.0
3,5,1.2026910385769488e-15,0.0,-1.0,1.0,-1.0,1.0,1.0
3,7,1.191348876251964e-15,0.0,1.0,-1.0,-1.0,1.0,1.0
8,17,1.1516264382584917e-15,0.0,-1.0,-1.0,1.0,1.0,1.0
8,18,1.1129680852176213e-15,0.0,-1.0,-1.0,1.0,1.0,1.0
0,10,1.1070187281636886e-15,0.0,-1.0,1.0,-1.0,1.0,1.0
10,17,1.1052420055456458e-15,0.0,-1.0,1.0,-1.0,1.0,1.0
3,15,1.0936036313062562e-15,0.0,1.0,-1.0,-1.0,1.0,1.0
4,5,1.0456144000577395e-15,0.0,1.0,-1.0,-1.0,1.0,1.0
1,7,1.0372338341974825e-15,0.0,-1.0,-1.0,1.0,1.0,1.0
1,17,1.025995231068667e-15,0.0,-1.0,-1.0,1.0,1.0,1.0
3,8,9.903169305903808e-16,0.0,-1.0,-1.0,1.0,1.0,1.0
2,7,9.87742732654091e-16,0.0,-1.0,-1.0,1.0,1.0,1.0
2,9,9.824075536448006e-16,0.0,1.0,-1.0,-1.0,1.0,1.0
3,10,9.710080704249193e-16,0.0,-1.0,1.0,-1.0,1.0,1.0
1,12,9.664878155254242e-16,0.0,1.0,1.0,1.0,1.0,1.0
10,14,9.663106537424163e-16,0.0,1.0,1.0,1.0,1.0,1.0
5,18,9.637948588435332e-16,0.0,1.0,1.0,1.0,1.0,1.0
12,15,9.57171841822896e-16,0.0,-1.0,-1.0,1.0,1.0,1.0
8,24,9.120164023973813e-16,0.0,-1.0,-1.0,1.0,1.0,2.0
1,18,9.05028741138765e-16,0.0,-1.0,-1.0,1.0,1.0,1.0
9,18,8.980080418982474e-16,0.0,-1.0,1.0,-1.0,1.0,1.0
5,17,8.975983448134763e-16,0.0,1.0,1.0,1.0,1.0,1.0
7,16,8.958866382259412e-16,0.0,1.0,1.0,1.0,1.0,1.0
1,13,8.954573589798045e-16,0.0,-1.0,-1.0,1.0,1.0,1.0
0,12,8.758802267390287e-16,0.0,-1.0,1.0,-1.0,1.0,1.0
0,13,8.672248573159353e-16,0.0,-1.0,1.0,-1.0,1.0,1.0
0,18,8.60492951974372e-16,0.0,-1.0,1.0,-1.0,1.0,1.0
4,14,8.546029588962189e-16,0.0,1.0,1.0,1.0,1.0,1.0
2,6,8.53118349670546e-16,0.0,-1.0,1.0,-1.0,1.0,1.0
2,10,8.529390525520392e-16,0.0,-1.0,1.0,-1.0,1.0,1.0
9,14,8.461935500969419e-16,0.0,-1.0,-1.0,1.0,1.0,1.0
4,6,8.453740714272845e-16,0.0,-1.0,-1.0,1.0,1.0,1.0
10,16,8.45064803694269e-16,0.0,1.0,1.0,1.0,1.0,1.0
6,16,8.423462266726241e-16,0.0,1.0,-1.0,-1.0,1.0,1.0
4,8,8.312332783638968e-16,0.0,1.0,1.0,1.0,1.0,1.0
6,15,8.188153781721586e-16,0.0,1.0,1.0,1.0,1.0,1.0
12,14,8.078743931760002e-16,0.0,1.0,-1.0,-1.0,1.0,1.0
1,6,8.04537685744e-16,0.0,-1.0,1.0,-1.0,1.0,1.0
11,22,7.954559791758294e-16,0.0,1.0,-1.0,-1.0,1.0,2.0
13,15,7.746327496646678e-16,0.0,-1.0,1.0,-1.0,1.0,1.0
13,14,7.742984303665935e-16,0.0,1.0,1.0,1.0,1.0,1.0
3,14,7.704708617610757e-16,0.0,-1.0,1.0,-1.0,1.0,1.0
9,16,7.515151887856481e-16,0.0,1.0,1.0,1.0,1.0,1.0
6,18,7.431490523525154e-16,0.0,-1.0,1.0,-1.0,1.0,1.0
11,20,7.157722462971098e-16,0.0,-1.0,-1.0,1.0,1.0,2.0
11,24,7.071169516073611e-16,0.0,-1.0,1.0,-1.0,1.0,2.0
16,22,6.9801988701931e-16,0.0,-1.0,-1.0,1.0,1.0,2.0
11,21,6.964793842655604e-16,0.0,-1.0,1.0,-1.0,1.0,2.0
5,21,6.704231074515468e-16,0.0,1.0,1.0,1.0,1.0,2.0
2,23,6.618735337743965e-16,0.0,1.0,-1.0,-1.0,1.0,2.0
11,19,6.611347531325144e-16,0.0,-1.0,-1.0,1.0,1.0,2.8284271247461903
12,25,6.560872151084974e-16,0.0,-1.0,1.0,-1.0,1.0,2.0
11,23,6.376416756338163e-16,0.0,1.0,-1.0,-1.0,1.0,2.0
13,20,6.14084967399032e-16,0.0,-1.0,-1.0,1.0,1.0,2.0
11,25,6.059567062657721e-16,0.0,-1.0,-1.0,1.0,1.0,2.0
